{
  "v4_orig": {
    "label": "V4原版",
    "desc": "入场09:45 / 反手锚点=今开",
    "color": "#94a3b8",
    "final_cap": 200375.72,
    "total_ret": 0.0018786000000000059,
    "sharpe": 6.297332820423318,
    "max_dd": -0.0003739999999998874,
    "win_rate": 0.5714285714285714,
    "plr": 1.5034027221777424,
    "n_open": 5,
    "n_rev": 2,
    "n_hedge": 5,
    "n_sl": 0,
    "n_days": 7
  },
  "v4a": {
    "label": "V4a",
    "desc": "入场09:30 / 反手锚点=今开",
    "color": "#f59e0b",
    "final_cap": 200076.93,
    "total_ret": 0.0003846499999999651,
    "sharpe": -0.27092001296393164,
    "max_dd": -0.0018280000000000696,
    "win_rate": 0.42857142857142855,
    "plr": 1.1763640531866115,
    "n_open": 6,
    "n_rev": 3,
    "n_hedge": 6,
    "n_sl": 0,
    "n_days": 7
  },
  "v4b": {
    "label": "V4b",
    "desc": "入场09:45 / 反手锚点=入场价",
    "color": "#3b82f6",
    "final_cap": 200441.2,
    "total_ret": 0.002206000000000058,
    "sharpe": 7.671635880934587,
    "max_dd": -0.0003739999999998874,
    "win_rate": 0.5714285714285714,
    "plr": 1.7218441419802508,
    "n_open": 5,
    "n_rev": 1,
    "n_hedge": 5,
    "n_sl": 0,
    "n_days": 7
  }
}